Автомобиль ,Наименование ,OEM ,Кол-во,Цена ЮАНЬ,Качетво
Geely Coolray SX11,,,,,
,Двигатель ,,,,
Geely Coolray SX11,Генератор 5501660274 (2040009200) JLH-3G15TD Geely Coolray SX11/ATLAS PRO/Belgee X50/X70,5501660274/2040009200,10, ¥530.00 ,Бренд（品牌）
Geely Coolray SX11,Вкладыш коленвала верхний 1040029000 синий 1.995,1040029000/1040533400,15,,
Geely Coolray SX11,Патрубок воздушного фильтра 6600002104 Geely Coolray SX11,6600002104/2032040000,5,,
Geely Coolray SX11,Двигатель без навесного (новый) 1015513100 (1015010300/1015018500) Geely Coolray SX11,1015513100,2," ¥5,000.00 ",Бренд（品牌）
Geely Coolray SX11,Болт ГБЦ,1025029600,240, ¥9.00 ,Оригинал от завода（原厂）
Geely Coolray SX11,Вкладыш шатунный нижний зеленая метка,1044026400,10,,
Geely Coolray SX11,Вал коленчатый,5511650244,3,,
Geely Coolray SX11,Шкив коленвала,1040028000,5,,
Geely Coolray SX11,Фильтр масляный,1056022300,20,,
Geely Coolray SX11,Фильтр воздушный, 2032072000,20,,
Geely Coolray SX11,Фильтр салонный , 8025530000,20,,
Geely Coolray SX11,Сальник коленвала задний,31339213,10,,
Geely Coolray SX11,Опора правая ,6600080037,10,,
Geely Coolray SX11,Опора левая,6600080023,10,,
Geely Coolray SX11,Опора задняя , 6600080044,10,,
Geely Coolray SX11,Комплект прокладок, 1070001001,10,,
Geely Coolray SX11,Ремень генератора,1073006900,10,,
Geely Coolray SX11,Натяжитель приводного ремня,1073007100,10,,
Geely Coolray SX11,Фильтр масляный грубой очистки,1056021800,5,,
Geely Coolray SX11,Поддон масляный двигателя , 1056022400,5,,
Geely Coolray SX11,Клапан управляющий,31465974,5,,
Geely Coolray SX11,Датчик распредвала,31465592,5,,
Geely Coolray SX11,Датчик температуры ,1025030000,5,,
Geely Coolray SX11,Коллектор впускной,2029024600,2,,
Geely Coolray SX11,Радиатор двигателя,2069033100,25,,
Geely Coolray SX11,Интеркулер,6600001987,10,,
Geely Coolray SX11,Турбокомпрессор ,2034006200,3,,
Geely Coolray SX11,Ремень помпы,1066023100,10,,
Geely Coolray SX11,Насос охлаждающей жидкости двигателя,1066527000,5,,
Geely Coolray SX11,Патрубок радиатора интеркулера левый выходной Geely Coolray 2074127000,2074127000,10,,
Geely Coolray SX11,Фазорегулятор впускной ,31465714,5,,
Geely Coolray SX11,Фазорегулятор выпускной ,32208144,5,,
Geely Coolray SX11,Шкив масляного насоса,1046023300,5,,
Geely Coolray SX11,Радиатор кондиционера (конденсер) 8010054000 Geely,8010054000,25, ¥165.00 ,Бренд（品牌）
Geely Coolray SX11,Радиатор (маслоохладитель)/теплообменник АКПП 7DCT330A Geely Coolray 3055017300,3055017300,25, ¥80.00 ,Оригнал без лого（配套）
Geely Coolray SX11,Радиатор основной 2069033100 Geely Goolray SX11/NEW/Emgrand SS11,2069033100,10, ¥155.00 ,Бренд（品牌）
Geely Coolray SX11,Патрубок воздушного фильтра 6600002104 Geely Coolray SX11,6600002104/2032040000,5, ¥100.00 ,Оригнал без лого（配套）
Geely Coolray SX11,Крышка блока предохранителей 7073000800 (01734509) Geely Coolray SX11 / Atlas FX11,7073000800,20, ¥11.00 ,Оригинал от завода（原厂）
Geely Coolray SX11,Комплект прокладок 1016000011 (HP-000132) Geely Coolray SX-11,1016000011,30,,
Geely Coolray SX11,Диффузор вентилятора 2078009600 Geely Coolray SX-11/NEW/Belgee X50,2078009600,20, ¥180.00 ,Оригнал без лого（配套）
Geely Coolray SX11,Насос топливный Geely Coolray 2010026500,2010026500,20, ¥200.00 ,Бренд（品牌）
Geely Coolray SX11,Рокер с гидрокомпенсатором Geely Coolray SX11 7045102000,7045102000,120, ¥16.00 ,Оригинал от завода（原厂）
Geely Coolray SX11,Радиатор основной 2069017200 Geely Goolray SX11/NEW/Emgrand SS11 аналог,2069017200,30, ¥220.00 ,Оригнал без лого（配套）
Geely Coolray SX11,Фильтр масляный в сборе с корпусом 1056028700/1056024400 Geely Coolray SX11/Belgee X50/X70/ATLAS PRO,1056028700,5, ¥30.00 ,Бренд（品牌）
Geely Coolray SX11,Прокладка маслоохладителя 1056021300 copy Geely Coolray SX11/Belgee X50/Atlas PRO/NEW FX11-J1/Monjaro KX11/Tugella,1056021300,100, ¥2.00 ,Оригнал без лого（配套）
Geely Coolray SX11,Клапан выпускной Geely Coolray/ATLAS PRO/Belgee X50/X70 1030525900,1030525900,180, ¥39.00 ,Оригинал от завода（原厂）
Geely Coolray SX11,Трубка масляного радиатора/АКПП COPY 1056020100 Geely Coolray SX11/ATLAS PRO/Belgee X50/X70,1056020100,30, ¥25.00 ,Бренд（品牌）
Geely Coolray SX11,Корпус воздушного фильтра 2032040600 Geely Coolray SX11 2020 - н. в.,2032040600,10, ¥55.00 ,Бренд（品牌）
Geely Coolray SX11,Бачок расширительный 2082005900 Geely Coolray SX-11,2082005900,10, ¥45.00 ,Оригнал без лого（配套）
Geely Coolray SX11,Датчик абсолютного давления Geely Coolray 2074045700 (8888778980),2074045700,15, ¥28.00 ,Оригнал без лого（配套）
Geely Coolray SX11,Комплект ГРМ (мотор jlh-3g15td) 1016050704 Geely Coolray SX-11,1016050704,10, ¥45.00 ,Оригинал от завода（原厂）
Geely Coolray SX11,Пробка сливная рад. охл. двигателя 2069017300 Geely Coolray SX11,2069017300,30, ¥16.00 ,Оригинал от завода（原厂）
Geely Coolray SX11,Ремень поликлиновой 1073006600 Geely Coolray SX11 оригинал,1073006600,10, ¥20.00 ,Бренд（品牌）
Geely Coolray SX11,Свеча зажигания ,2036512100/5511695967,500,,
Geely Coolray SX11,Проводка двигателя ,7013154600,10,,
,Кузов ,,,,
Geely Coolray NEW,Накладка (панель) крыла переднего левого верхняя 5035090200 Geely Coolray NEW,5035090200,5, ¥23.00 ,Оригинал от завода（原厂）
Geely Coolray NEW,Накладка переднего бампера правая 6010207400 Geely Coolray NEW,6010207400,5, ¥90.00 ,Оригнал без лого（配套）
Geely Coolray NEW,Стекло боковое переднее левое Geely Coolray 5079050600,5079050600,10, ¥81.00 ,Оригинал от завода（原厂）
Geely Coolray NEW,Стекло боковое переднее правое Geely Coolray 5079050500,5079050500,5, ¥81.00 ,Оригинал от завода（原厂）
Geely Coolray SX11,Опора радиатора нижняя 1064000061 Geely Coolray SX11/NEW/Emgrand/NEW оригинал,1064000061,20, ¥8.00 ,Оригинал от завода（原厂）
Geely Coolray SX11,Подушка радиатора резиновая 2069019000 Geely Coolray SX11,2069019000,20, ¥8.00 ,Оригнал без лого（配套）
Geely Coolray SX11,Фара передняя левая Advenced LED/галоген 7051022900 Geely Coolray SX11 original,7051022900,10, ¥350.00 ,Бренд（品牌）
Geely Coolray SX11,Фара передняя левая Advenced LED/галоген 7051022900 Geely Coolray SX11 copy,7051022900,20, ¥350.00 ,Бренд（品牌）
Geely Coolray SX11,Подушка безопасности пассажира 8034010900 Geely Coolray SX11 orig,8034010900,5, ¥280.00 ,Оригнал без лого（配套）
Geely Coolray SX11,Стекло двери задней левой 5085067100 Geely Coolray SX11/Belgee X50/ NEW,5085067100,5, ¥78.00 ,Оригинал от завода（原厂）
Geely Coolray SX11,Арка крыла переднего левого 6073056600 Geely Coolray SX11,6073056600,30, ¥35.00 ,Оригнал без лого（配套）
Geely Coolray SX11,Бампер передний верхняя часть под покраску 6010101700 (6600248426/6010091900) Geely Coolray SX11,6010101700/6010091900,30, ¥68.00 ,Бренд（品牌）
Geely Coolray SX11,Кронштейн переднего левого крыла Geely Coolray SX11 5035052300C15/6600044956 original,5035052300C15,30, ¥42.00 ,Оригинал от завода（原厂）
Geely Coolray SX11,Петля капота левая 5032037600/6600005442 Geely Coolray SX-11 2019-2023,5032037600,20, ¥25.00 ,Оригнал без лого（配套）
Geely Coolray SX11,Накладка решетки переднего бампера левая 6010080100 Geely Coolray SX11,6010080100,30, ¥8.00 ,Бренд（品牌）
Geely Coolray SX11,Кронштейн датчика бампера левый боковой  Geely Coolray SX11,6010091600,20, ¥5.00 ,Бренд（品牌）
Geely Coolray SX11,Кронштейн датчика бампера правый боковой  Geely Coolray SX11,6010091500,20, ¥5.00 ,Бренд（品牌）
Geely Coolray SX11,Кронштейн датчика бампера центральный правый  Geely Coolray,6010083000,20, ¥5.00 ,Бренд（品牌）
Geely Coolray SX11,Кронштейн датчика бампера левый центральный  Geely Coolray SX11,6010083100,20, ¥5.00 ,Бренд（品牌）
Geely Coolray SX11,Датчик парковки передний Geely,7088089300A13 ,10, ¥35.00 ,Оригнал без лого（配套）
Geely Coolray SX11,Датчик парковки передний парктроник Geely Coolray,7088033500,20, ¥40.00 ,Оригнал без лого（配套）
Geely Coolray SX11,Накладка переднего бампера правая/ресничка 6013024500 Geely Coolray SX-11,6013024500,30, ¥40.00 ,Оригнал без лого（配套）
Geely Coolray SX11,Уголок крыла правый 6073058000 Geely Coolray SX11,6073058000,10, ¥46.00 ,Оригинал от завода（原厂）
Geely Coolray SX11,Рамка вентиляционной решетки правая 5022030600 Geely Coolray SX11/Belgee X50,5022030600,20, ¥10.00 ,Оригинал от завода（原厂）
Geely Coolray SX11,Рамка вентиляционной решетки левая 5022030700 Geely Coolray SX11/Belgee X50,5022030700,20, ¥10.00 ,Оригинал от завода（原厂）
Geely Coolray SX11,Зеркало заднего вида правое 6600072483 Geely Coolray SX-11,6600072483/6017048100,15, ¥180.00 ,Бренд（品牌）
Geely Coolray SX11,Зеркало заднего вида левое 6017049600 Geely Coolray SX-11,6017049600,15, ¥180.00 ,Бренд（品牌）
Geely Coolray SX11,Накладка двери внешняя зад. лев. 6073057300 Geely Coolray SX11,6073057300,5, ¥37.00 ,Оригинал от завода（原厂）
Geely Coolray SX11,Накладка двери внешняя зад. прав. 6073057200 Geely Coolray SX11,6073057200,5, ¥37.00 ,Оригинал от завода（原厂）
Geely Coolray SX11,Накладка двери передней правой 5075035800 Geely Coolray SX-11,5075035800,20, ¥30.00 ,Бренд（品牌）
Geely Coolray SX11,Кронштейн пер. бамп. центр. прав. 6010080200 Geely Coolray SX11,6010080200,20, ¥8.00 ,Бренд（品牌）
Geely Coolray SX11,Кронштейн пер. бамп. центр. лев. 6010080300 Geely Coolray SX11,6010080300,15, ¥8.00 ,Бренд（品牌）
Geely Coolray SX11,Фонарь задний левый внутренний 6600003299 Geely Coolray SX11,7057016000,15, ¥150.00 ,Бренд（品牌）
Geely Coolray SX11,Фонарь задний правый внутренний 7057526100 Geely Coolray SX11,7057016100,15, ¥150.00 ,Бренд（品牌）
Geely Coolray SX11,Фара противотуманная левая/ПТФ 7054015300 Geely Coolray SX11,7054015300,10, ¥60.00 ,Бренд（品牌）
Geely Coolray SX11,Фара противотуманная правая 7054015200/ПТФ Geely Coolray SX11,7054015200,5, ¥60.00 ,Бренд（品牌）
Geely Coolray SX11,Патрубок радиатора интеркулера левый выходной Geely Coolray 2074127000,2074127000,10, ¥95.00 ,Бренд（品牌）
Geely Coolray SX11,Жгут проводов заднего бампера 7035020000 Geely Coolray SX11/Belgee X50,7035020000,10, ¥152.00 ,Оригинал от завода（原厂）
Geely Coolray SX11,Фильтр салонный 8022021300 Geely Coolray SX11/NEW/Belgee X50,8022021300/8025530000,30, ¥9.00 ,Бренд（品牌）
Geely Coolray SX11,Кронштейн переднего бампера левый 6010085800 Geely Coolray SX11 copy,6010085800,15, ¥5.00 ,Бренд（品牌）
Geely Coolray SX11,Кронштейн переднего бампера правый 6010085700 Geely Coolray SX-11 copy,6010085700,15, ¥5.00 ,Бренд（品牌）
Geely Coolray SX11,Кронштейн датчика бампера левый боковой 6010091700/6600248386 Geely Coolray SX11,6010091700,30, ¥5.00 ,Бренд（品牌）
Geely Coolray SX11,НАКЛАДКА КРЫЛА МОТОРНОГО ОТСЕКА ПРАВАЯ Geely Coolray SX11/Belgee X50 5035051000(6600014151),5035051000,10, ¥28.00 ,Оригинал от завода（原厂）
Geely Coolray SX11,Датчик abs передний 4060026400 Geely Coolray SX11,4060026400,20, ¥25.00 ,Бренд（品牌）
Geely Coolray SX11,Защита картера и КПП 5030028300 Geely Coolray SX11/NEW,5030028300,15, ¥35.00 ,Бренд（品牌）
Geely Coolray SX11,Решетка бампера нижняя 6010082700 Geely,6010082700,15, ¥186.00 ,Оригинал от завода（原厂）
Geely Coolray SX11,Ручка двери передней наружная правая 5077039100 Geely Coolray SX11/Belgee X50/NEW,5077039100,10, ¥65.00 ,Оригнал без лого（配套）
Geely Coolray SX11,Трапеция стеклоподъемника передней левой двери 5079051100 Geely,5079051100,5, ¥150.00 ,Оригнал без лого（配套）
Geely Coolray SX11,Фильтр воздушный 2032040500 Geely Coolray SX11/NEW/Belgee X50,2032040500,45, ¥8.00 ,Бренд（品牌）
Geely Coolray SX11,Юбка переднего бампера 6010084900FC (6600124276) Geely Goolray SX11,6010084900,30, ¥50.00 ,Бренд（品牌）
Geely Coolray SX11,НАКЛАДКА КРЫЛА МОТОРНОГО ОТСЕКА ЛЕВАЯ Geely Coolray SX11/Belgee X50 5035051100 (6600014146),5035051100,10, ¥29.00 ,Оригинал от завода（原厂）
Geely Coolray SX11,Кронштейн датчика бампера правый боковой 6010091800 Geely Coolray SX11,6010091800,20, ¥5.00 ,Бренд（品牌）
Geely Coolray SX11,Стекло двери задней правой 5085067000 Geely Coolray SX11/Belgee X50/ NEW,5085067000,5, ¥78.00 ,Оригинал от завода（原厂）
Geely Coolray SX11,Панель передняя (телевизор) 2069017000 Geely Coolray SX11 COPY,2069017000,10, ¥120.00 ,Оригнал без лого（配套）
Geely Coolray SX11,Кронштейн нижней опоры двигателя/гитара Geely Coolray SX11 1077062100,1077062100,30, ¥44.00 ,Оригинал от завода（原厂）
Geely Coolray SX11,Петля капота правая 5032037500/5032052500/6600005443 Geely Coolray SX-11 2019-2023,5032037500,10, ¥25.00 ,Оригнал без лого（配套）
Geely Coolray SX11,Кронштейн переднего правого крыла Geely Coolray SX11 5035052400C15/6600044954 original,5035052400C15,20, ¥42.00 ,Оригинал от завода（原厂）
Geely Coolray SX11,Арка заднего левого крыла 6073056400 Geely Coolray SX11/NEW,6073056400,30, ¥25.00 ,Оригнал без лого（配套）
Geely Coolray SX11,Арка переднего крыла правого 6073056500 Geely Coolray SX-11,6073056500,30, ¥30.00 ,Оригнал без лого（配套）
Geely Coolray SX11,Бампер передний средняя часть 6600124479FC (6010084800) Geely Coolray SX-11,6600124479/6010084800,15, ¥65.00 ,Бренд（品牌）
Geely Coolray SX11,Заглушка буксировочного крюка передняя 6010091300 Geely Coolray SX11,6010091300,30, ¥4.00 ,Бренд（品牌）
Geely Coolray SX11,Кожух радиатора левый 5030028800 Geely Coolray SX11,5030028800,10, ¥28.00 ,Бренд（品牌）
Geely Coolray SX11,Кожух радиатора правый 5030028600 Geely Coolray SX11,5030028600,10, ¥28.00 ,Бренд（品牌）
Geely Coolray SX11,Кронштейн замка капота 5032036800 Geely Coolray SX11 I 2020 - н. в.,5032036800,30, ¥14.00 ,Бренд（品牌）
Geely Coolray SX11,Локер передний левый 5035090800 Geely Coolray NEW/SX11,5035090800,15, ¥25.00 ,Бренд（品牌）
Geely Coolray SX11,Локер передний правый 5035090700 Geely Coolray NEW/SX11,5035090700,15, ¥25.00 ,Бренд（品牌）
Geely Coolray SX11,Накладка передней левой двери 5075035900 Geely Coolray SX-11,5075035900,20, ¥40.00 ,Оригнал без лого（配套）
Geely Coolray SX11,Арка заднего правого крыла 6073056300 Geely Coolray SX-11/NEW,6073056300,30, ¥25.00 ,Оригнал без лого（配套）
Geely Coolray SX11,Накладка порога левая (наружная) 6073056100/6600125099 Geely Coolray SX-11 (2018>),6073056100,15, ¥60.00 ,Бренд（品牌）
Geely Coolray SX11,Накладка порога правая (наружная) 6073055800 Geely Coolray SX-11 (2018>),6073055800,15, ¥60.00 ,Бренд（品牌）
Geely Coolray SX11,Накладка переднего бампера левая/ресничка 6013024600 Geely Coolray SX-11,6013024600,30, ¥40.00 ,Оригнал без лого（配套）
Geely Coolray SX11,Подушка (опора) двигателя левая Geely Coolray SX11 1077106000 (8891595055),1077106000,20, ¥110.00 ,Оригнал без лого（配套）
Geely Coolray SX11,Панель задняя 5052023200C15 Geely Coolray SX-11,5052023200C15,5, ¥200.00 ,Бренд（品牌）
Geely Coolray SX11,Панель передняя (телевизор) 2069017000 Geely Coolray SX11 Original no logo,2069017000,30, ¥100.00 ,Бренд（品牌）
Geely Coolray SX11,Подрамник передний 4010011800 Geely Coolray SX11,4010011800,2, ¥350.00 ,Бренд（品牌）
Geely Coolray SX11,Подушка (опора) двигателя правая 1077062400 (6600080037) Geely Coolray SX-11,1077062400,20, ¥170.00 ,Оригнал без лого（配套）
Geely Coolray SX11,Рамка ПТФ правая 6010084000 Geely Coolray SX11,6010084000,30, ¥9.00 ,Бренд（品牌）
Geely Coolray SX11,Рамка ПТФ левая 6010084100 Geely Coolray SX11,6010084100,30, ¥9.00 ,Бренд（品牌）
Geely Coolray SX11,Ручка двери передней наружная левая 5077039300 Geely Coolray SX11/Belgee X50/NEW,5077039300,10, ¥60.00 ,Оригнал без лого（配套）
Geely Coolray SX11,Трос открывания капота 5032036900 Geely Coolray SX-11,5032036900,10, ¥8.00 ,Бренд（品牌）
Geely Coolray SX11,Фара правая Advenced LED/галоген 7051022800 Geely Coolray SX11 copy,7051022800,20, ¥350.00 ,Бренд（品牌）
Geely Coolray SX11,Электродвигатель стоян. торм. 4050043000 Geely Coolray SX11/Belgee X50 оригинал,4050043000,10, ¥120.00 ,Бренд（品牌）
Geely Coolray SX11,Фонарь задний противотуманный 7054015600 Geely Coolray SX11,7054015600,10, ¥25.00 ,Бренд（品牌）
,Подвеска ,,,,
Geely Coolray SX11,Кулак поворотный левый 4048046600 Geely Coolray SX-11,4048046600,20, ¥145.00 ,Оригнал без лого（配套）
Geely Coolray SX11,Кулак поворотный правый 4048046500 Geely Coolray SX-11 copy,4048046500,10, ¥145.00 ,Оригнал без лого（配套）
Geely Coolray SX11,Диск тормозной передний 4048046700 Geely Coolray SX11,4048046700,6, ¥280.00 ,Оригинал от завода（原厂）
Geely Coolray SX11,Колодки передние,4114305060,15,,
Geely Coolray SX11,Амортизатор передний левый,4013078100,8,,
Geely Coolray SX11,Амортизатор передний правый 4013048100 (6600006864) Geely Coolray SX11,4013048100/4013078300,10, ¥115.00 ,Оригнал без лого（配套）
Geely Coolray SX11,Подшипник опорный пер. амортизатора 4013056600 (4013087400) Geely Atlas pro/Coolray SX11/NEW/Emgrand 7 New SS11,4013056600,20, ¥25.00 ,Оригнал без лого（配套）
Geely Coolray SX11,Опора амортизатора передней подвески ,4013049400,20,,
Geely Coolray SX11,Пыльник амортизатора переднего ,4013049100,20,,
Geely Coolray SX11,Рычаг передний левый 4017020700 Geely Coolray SX11,4017020700/4017031500,15, ¥60.00 ,Бренд（品牌）
Geely Coolray SX11,Рычаг передний правый ,6600001396,10,,
Geely Coolray SX11,Амортизатор задний ,4020046700,16,,
Geely Coolray SX11,Чашка опорная заднего амортизатора , 4020031200,16,,
Geely Coolray SX11,Диск тормозной задний,4050041600,10,,
Geely Coolray SX11,Колодки тормозные задние 4050086000 Geely Coolray SX11,4050086000,10, ¥45.00 ,Бренд（品牌）
Geely Coolray SX11,Стойка переднего стабилизатора 4015011100 Geely Coolray SX11/Emgrand 7 New SS11,4015011100/6608326290/6608131812,60, ¥25.00 ,Оригнал без лого（配套）
Geely Coolray SX11,Насос вакуумный,2044002100,3,,
Geely Coolray SX11,Колодки тормозные задние 4050086000 Geely Coolray SX11,4050086000,10, ¥45.00 ,Бренд（品牌）
,Коробка ,,,,
Geely Coolray SX11,Датчик Управления Кпп ,3055025900,10,,
Geely Coolray SX11,Маслоохладитель кпп ,3055017300,20,,
Geely Coolray SX11,насос малсляный кпп ,3066502300,10,,
Geely Coolray SX11,Жгут проводо кпп ,3064005700,5,,
 Geely Coolray NEW,,,,,
,Кузов ,,,,
 Geely Coolray NEW,Заглушка дат. парктр. пер. прав. внутр. 6010214200 Geely Coolray NEW,6010214200,30, ¥8.00 ,Оригинал от завода（原厂）
 Geely Coolray NEW,Заглушка перед. бампера буксир. крюка 6010214500 Geely Coolray NEW,6010214500,30, ¥7.00 ,Бренд（品牌）
 Geely Coolray NEW,Кронштейн дат. парктр. пер. бок. лев. 6010215200 Geely Coolray NEW 2023,6010215200,20, ¥15.00 ,Оригинал от завода（原厂）
 Geely Coolray NEW,Кронштейн датч. паркт. перед. лев. 6010214800 Geely Coolray NEW,6010214800,30, 135（комплект） ,Бренд（品牌）
 Geely Coolray NEW,Накладка (панель) крыла переднего правого верхняя 5035090100 Geely Coolray NEW,5035090100,5, ¥23.00 ,Оригинал от завода（原厂）
 Geely Coolray NEW,Накладка порога левая 6073139400 Geely Coolray NEW оригинал,6073139400,15, ¥45.00 ,Бренд（品牌）
 Geely Coolray NEW,Накладка порога правая 6073139300 Geely Coolray NEW оригинал,6073139300,15, ¥45.00 ,Бренд（品牌）
Geely Coolray NEW,Кронштейн дат. парктр. пер. прав. нар.  Geely Coolray NEW,6010214600,10, ¥5.00 ,Бренд（品牌）
Geely Coolray NEW,Кронштейн датч. паркт. пер. прав. внутр.  Geely Coolray NEW,6010214700,10, ¥5.00 ,Бренд（品牌）
Geely Coolray NEW,Кронштейн дат. парктроника перед. лев. наруж. Geely Coolray NEW,6010214900,10, ¥5.00 ,Бренд（品牌）
Geely Coolray NEW,Кронштейн дат. парктр. пер. бок. прав. Geely Coolray NEW,6010215100,20, ¥5.00 ,Бренд（品牌）
Geely Coolray NEW,Накладка (панель) крыла переднего левого верхняя 5035090200 Geely Coolray NEW,5035090200,5, ¥23.00 ,Оригинал от завода（原厂）
Geely Coolray NEW,Накладка переднего бампера правая 6010207400 Geely Coolray NEW,6010207400,5, ¥90.00 ,Оригнал без лого（配套）
Geely Coolray NEW,Стекло боковое переднее левое Geely Coolray 5079050600,5079050600,10, ¥81.00 ,Оригинал от завода（原厂）
Geely Coolray NEW,Стекло боковое переднее правое Geely Coolray 5079050500,5079050500,5, ¥81.00 ,Оригинал от завода（原厂）
,Подвеска ,,,,
 Geely Coolray NEW,Привод передний правый 4082110800 (4082107900) Geely Coolray NEW,4082110800,5, ¥465.00 ,Оригнал без лого（配套）
Geely Coolray NEW,Колодки тормозные задние Geely Coolray NEW  4050090800,4050090800,10, ¥65.00 ,Бренд（品牌）
Geely Coolray NEW,Колодки тормозные передние Geely Coolray NEW 4048102700,4048102700,10, ¥80.00 ,Оригнал без лого（配套）
,Двигатель,,,,
Geely Coolray NEW,Турбокомпрессор в сборе 2034015700 Geely Cityray/Coolray NEW,2034015700,2," ¥1,800.00 ",Оригнал без лого（配套）
Geely Coolray NEW,Комплект цепи ГРМ Geely Coolrey NEW 5511706294 (круглая цепь),5511706294,25, ¥190.00 ,Оригнал без лого（配套）
Geely Coolray NEW,Колпачок маслосъемный впускной 1030043600 Geely Coolray NEW,1030043600,320, ¥8.00 ,Оригинал от завода（原厂）
Geely Coolray NEW,Прокладка клапанной крышки 1022028700 Geely Coolray NEW/Livan S6 PRO,1022028700,15, ¥15.00 ,Оригнал без лого（配套）
Geely Coolray NEW,Клапан вентиляции картерных газов/ГВКГ PCV Geely Coolray NEW 1060008800,1060008800,10, ¥23.00 ,Оригинал от завода（原厂）
Geely Coolray NEW,Сальник коленвала передний 1016051372 Geely Coolray NEW,1016051372,20, ¥3.00 ,Бренд（品牌）
Geely Coolray NEW,Комплект 8 колпачков маслосъемных выпускных 1030043500 Geely Coolray NEW,1030043500,30, ¥8.00 ,Оригинал от завода（原厂）
Geely Coolray NEW,Болт ГБЦ,1136000034,30, ¥9.00 ,Оригинал от завода（原厂）
Geely Coolray NEW,Шайба болта ГБЦ Geely Coolray NEW 1136000035,1136000035,100, ¥3.00 ,Оригинал от завода（原厂）
Geely Coolray NEW,Гидрокомпенсатор впуск,1030044500,40,,
Geely Coolray NEW,Гидрокомпенсатор выпуск,5511705082,40,,
Geely Coolray NEW,поршень ,1044040500,16,,
Geely Coolray NEW,кольцо поршня 1,1044040400,70,,
Geely Coolray NEW,кольцо поршня 2,1044040400,70,,
Geely Coolray NEW,кольцо поршня 3,1044040400,70,,
Geely Coolray NEW,Фиксатор пальца ,1044025500,32,,
Geely Coolray NEW,Палец поршневой ,1044025400/5511699413,16,,
Geely Coolray NEW,Шатун ,1044040300,16,,
Geely Coolray NEW,Вкладыш шатунный верх,1044040800,16,,
Geely Coolray NEW,Вкладыш шатунный низ,1044040800,16,,
Geely Coolray NEW,Датчик положения распредвала ,1022028600,5,,
Geely Coolray NEW,Подушка правая,1077111300,5,,
Geely Coolray NEW,Подушка левая ,1077111400,5,,
Geely Coolray NEW,Подушка задняя ,1077111200,5,,
Geely Coolray NEW,Шкив коленвала ,1040055300,5,,
Geely Coolray NEW,Коленвал ,1040055500,2,,
Geely Coolray NEW,Датчик положения коленвала ,1040055500,5,,
Geely Coolray NEW,Датчик температуры ОЖ,1025045000,5,,
Geely Coolray NEW,Клапан Фазорегулятора 1,1025045600,16,,
Geely Coolray NEW,Клапан Фазорегулятора 2,5511700331,16,,
Geely Coolray NEW,Прокладка ГБЦ,1025045700,5,,
Geely Coolray NEW,Насос маслянный ,1050010000,2,,
Geely Coolray NEW,Фильтр масляный 1016056847 Geely Coolray NEW/EMGRAND 7 NEW/SS11 оригинал,1016056847,30, ¥8.00 ,Бренд（品牌）
Geely Coolray NEW,Фильтр воздушный ,8893272759,20,,
Geely Coolray NEW,Фильтр салонный ,8025530000,20,,
Geely Coolray NEW,Фильтр топливный ,2013021700,20,,
Geely Coolray NEW,Патрубок интеркулера выпускной,2074130500,5,,
Geely Coolray NEW,Патрубок турборадиатора впускной,2074131000,5,,
Geely Coolray NEW,Стартер ,2043009400,5,,
Geely Coolray NEW,Термостат 1136000156 Geely Coolray NEW/Emgrand SS11,1136000156,15, ¥15.00 ,Оригнал без лого（配套）
Geely Cityray,,,,,
,Кузов,,,,
Geely Cityray,Решётка радиатора ,8893183312,5,,
Geely Cityray,Бюбка задняя ,8894323259,5,,
Geely Cityray,Бампер средняя часть ,8894276817,5,,
Geely Cityray,Кронштейн бампера заднего ,6044159700,5,,
Geely Cityray,Кронштейн бампера заднего,6044159900,5,,
Geely Cityray,Фонарь противотуманный задний,7054025700,5,,
Geely Cityray,Арка правая ,8893438722,5,,
Geely Cityray,Арка левая ,8893438717,5,,
Geely Cityray,Молдинг двери передней левой ,8893205077,5,,
Geely Cityray,Молдинг двери передней правой ,8893205093,5,,
Geely Cityray,Молдинг двери задней левой ,8893205109,5,,
Geely Cityray,Молдинг двери задней правой  ,8893205121,5,,
Geely Cityray,Расширитель колеса заднего левого дверь ,8893187590,5,,
Geely Cityray,Расширитель колеса заднего правого дверь ,8893187613,5,,
Geely Cityray,Расширитель колеса заднего левого арка  ,8893193495,5,,
Geely Cityray,Расширитель колеса заднего правого  арка ,8893193502,5,,
Geely Cityray,Телевизор 5027162600 Geely Cityray Original no logo,5027162600,10, ¥150.00 ,Бренд（品牌）
Geely Cityray,Локер задний левый ,5049027900,5,,
Geely Cityray,Локер задний правый ,5049027800,5,,
Geely Cityray,Локер передний левый Geely Cityray 5035095500,5035095500,5, ¥55.00 ,Оригнал без лого（配套）
Geely Cityray,Локер передний правый Gelly Cityray 5035095400,5035095400,5, ¥55.00 ,Оригнал без лого（配套）
Geely Cityray,Кронштейн крыла переднего левый ,8892874890C15,5,,
Geely Cityray,Кронштейн крыла переднего правый ,8892874913C15,5,,
Geely Cityray,Фара передняя центральная,7051054200,5,,
Geely Cityray,Фара передняя левая,6608090292,5,,
Geely Cityray,Фара передняя правая,6608090293,5,,
Geely Cityray,Фонарь задний центральный,7057047800,5,,
Geely Cityray,Фонарь задний правый ,7057048000,5,,
Geely Cityray,Фонарь задний левый ,7057047900,5,,
Geely Cityray,Юбка переднего бампера нижняя 6010228000 Geely Cityray,6010228000,10, ¥115.00 ,Бренд（品牌）
,Подвеска ,,,,
Geely Cityray,Амортизатор перелний левый ,4013103900,6,,
Geely Cityray,Амортизатор перелний правый  ,4013103500,6,,
Geely Cityray,опорный одшипник ,4013087400,12,,
Geely Cityray,опора амортизатора ,4013103700,12,,
Geely Cityray,Пыльник переднего амортизатора ,4013049100,12,,
Geely Cityray,Отбойник переднего амортизатора ,4013049100,12,,
Geely Cityray,Колодки передние ,4048107200,10,,
Geely Cityray,Диск тормозной передний ,4048107500,4,,
Geely Cityray,Амортизатор задний ,4020058600,6,,
Geely Cityray,Опра заднего амортизатора ,4020037300,12,,
Geely Cityray,Пыльник заднего амортизатора ,4020037400,12,,
Geely Cityray,Отбойник заднего амортизатора ,4020058500,12,,
Geely Cityray,Подкладка пружины задней подвески нижняя,6608024156,20,,
Geely Cityray,Подкладка пружины задней подвески верхняя,6608024157,20,,
Geely Cityray,Рычаг передней подвески левый ,4017033200,5,,
Geely Cityray,Рычаг передней подвески правый ,4017033100,5,,
Geely Cityray,Колодки задние ,4050095700,10,,
Geely Cityray,Диск тормозной задний ,4050096700,4,,
Geely Cityray,Стойка стабилизатор передний ,4015011100,20,,
Geely Cityray,Привод левый ,6608166398,5,,
Geely Cityray,Вал промежуточный правого привода,6608166397,5,,
Geely Cityray,Привод колеса правый,6608166396,5,,
Geely Atlas FX11,,,,,
,Двигатель 2.0 245л/с,,,,
Geely Atlas FX11,Прокладка ГбЦ ,1025535600,10,,
Geely Atlas FX11,Датчик полодение распредвала ,1022022300,5,,
Geely Atlas FX11,Датчик ОЖ,1025034500,5,,
Geely Atlas FX11,Клапан Впуск ,1030024600,60,,
Geely Atlas FX11,Клапан Выпуск ,1030024500,60,,
Geely Atlas FX11,Колпачек масло выпуск ,1030022100,60,,
Geely Atlas FX11,Колпачёк масло впуск ,1030022200,60,,
Geely Atlas FX11,Датчик давления масла ,5511703401,10,,
Geely Atlas FX11,Заднийй сальник коленвала ,1033025200,5,,
Geely Atlas FX11,Перелдний салльник коленвала ,1033029500,5,,
Geely Atlas FX11,Датчик детонации ,1033029500,5,,
Geely Atlas FX11,Коленвал ,1040038000,2,,
Geely Atlas FX11,Шкиф коленвала ,1040036300,5,,
Geely Atlas FX11,Поршень ,1044029000,28,,
Geely Atlas FX11,Кольцо поршня,1044529500,84,,
Geely Atlas FX11,Шатун ,1044028900,28,,
Geely Atlas FX11,Палец ,1044029100,28,,
Geely Atlas FX11,Фиксатор пальца ,1044029100,54,,
Geely Atlas FX11,Шестерня распредвала выпуск ,1046030700,5,,
Geely Atlas FX11,Шестерня распредвала впуск ,1046030800,5,,
Geely Atlas FX11,Маслянный насос ,1050009300,5,,
Geely Atlas FX11,Поддон ,1056033500,5,,
Geely Atlas FX11,Малянный фильтр грубой очистки ,1056027400,5,,
Geely Atlas FX11,Маслянный ралиатор ,1066029000,5,,
Geely Atlas FX11,Болт сливного отверстия ,101605770551,25,,
Geely Atlas FX11,помпа ,1066029800,5,,
Geely Atlas FX11,Термостат ,1066029700,5,,
Geely Atlas FX11,Ремень генератора ,1073007900,10,,
Geely Atlas FX11,Натяжитель ремня генератора ,1073007800,10,,
Geely Atlas FX11,Подушка правая ,1077106600,10,,
Geely Atlas FX11,Подушка левая ,1077111000,10,,
Geely Atlas FX11,Подушка задняя ,1077106200,10,,
Geely Atlas FX11,Свеча зажигания ,2036012300,80,,
Geely Atlas FX11,топливный насос ,8893526748,5,,
Geely Atlas FX11,Датчик давления воздуха впуск ,2029036100,5,,
Geely Atlas FX11,Дроссель ,2029036200,5,,
Geely Atlas FX11,Прокладка впуска,2029029300,5,,
Geely Atlas FX11,корпус воздушного фильтра ,8892020263,5,,
Geely Atlas FX11,Прокладка выпуска ,2034011700,5,,
Geely Atlas FX11,Генератор ,2040015300,3,,
Geely Atlas FX11,Стартер ,2043009700,3,,
Geely Atlas FX11,бачок ОЖ,2082006700,5,,
,Коробка ,,,,
Geely Atlas FX11,Задний сальник КПП ,3083007600,10,,
Geely Atlas FX11,Передний сальник КПП ,3083007500,10,,
,Подвеска ,,,,
Geely Atlas FX11,Амортизатор передний левый 2.0,4013099000,6,,
Geely Atlas FX11,Амортизатор передний правыц 2.0,4013099200,6,,
Geely Atlas FX11,Амортизатор передний левый 1.5,6608119887,6,,
Geely Atlas FX11,Амортизатор передний правыц 1.5,6608119886,6,,
Geely Atlas FX11,Опорныый подшипник передний ,4013089100,24,,
Geely Atlas FX11,опора амортизатора перед ,6608073265,24,,
Geely Atlas FX11,Отбойник переднего амортизатора ,6608081631,24,,
Geely Atlas FX11,Стойкки стабилизаитора перелние ,4010013900,24,,
Geely Atlas FX11,Рычаг передний левый ,4017032400,10,,
Geely Atlas FX11,Рычаг передний правый ,4017032300,10,,
Geely Atlas FX11,Амортизатор задний 2.0,4020056100,12,,
Geely Atlas FX11,Амортизатор задний 1.5,6608119890,12,,
Geely Atlas FX11,Опора амортизатора задняя ,4020056000,12,,
Geely Atlas FX11,Отбойник заднего амортизатора ,4020056800,24,,
Geely Atlas FX11,тяга рудевая ,4036047700,30,,
Geely Atlas FX11,Передний тормозной диск ,4048103600,10,,
Geely Atlas FX11,Передние колодки ,4048103800,10,,
Geely Atlas FX11,Задний тормозной диск ,4050091400,10,,
Geely Atlas FX11,Задние колодки ,4050092200,10,,
Geely Atlas FX11,Передний левый привод ,8894963594,5,,
Geely Atlas FX11,Передний правый привод ,8894963596,5,,
Geely Atlas FX11,Задний левый привод ,6608118839,5,,
Geely Atlas FX11,Заний правый привод,6608118840,5,,
Geely Atlas FX11,Стойка стабилизатора задняя ,4086032000,30,,
Geely Atlas FX11,Задний веррхний рычаг ,6608302208,5,,
Geely Atlas FX11,Задний нижний рычан правый ,6608302206,5,,
Geely Atlas FX11,Задний нижний рычаг левый ,6608302207,5,,
,Кузов ,,,,
Geely Atlas FX11,Накладка замка капота ,5030070800,5,,
Geely Atlas FX11,Усилитель переднего бампера ,5027160100C15,5,,
Geely Atlas FX11,Усилитель фары левый ,5027157900,5,,
Geely Atlas FX11,Усилитель фары правой ,5027157800,5,,
Geely Atlas FX11,Замок капота ,5032071500,5,,
Geely Atlas FX11,петля капота праввая ,6608170270C15,5,,
Geely Atlas FX11,Петля капота левая ,6608170269C15,5,,
Geely Atlas FX11,Локер перелний левый ,5035093000,5,,
Geely Atlas FX11,Локер передний правый ,5035092900,5,,
Geely Atlas FX11,Локер задний левыйц ,5049026900,5,,
Geely Atlas FX11,Локер задний правый  ,5049026700,5,,
Geely Atlas FX11,Задний усилитель бампера ,5052035000C15,5,,
Geely Atlas FX11,Амортизатор крышки багажника электро ,5062053400,5,,
Geely Atlas FX11,Амортизатор крышки багажника газ ,5062053900,5,,
Geely Atlas FX11,Ручка двери передней левой ,5077114100D06,5,,
Geely Atlas FX11,Рука двери передней правой ,6608259720D06,5,,
Geely Atlas FX11,Ручка двери задней правой ,5083072700B07,5,,
Geely Atlas FX11,Ручка двери задней левой ,5083073100D06,5,,
Geely Atlas FX11,Молдинг переднего бампера центр низ,6010220200S44,5,,
Geely Atlas FX11,Молдинг переднего бампера левый низ,6010220400S44,5,,
Geely Atlas FX11,Молдинг переднего бампера левы низ ,6010220300S44,5,,
Geely Atlas FX11,Решётка радиатора ,6013052700B03,5,,
Geely Atlas FX11,Кронштейн заднего бампера левый ,6044152200,5,,
Geely Atlas FX11,Кронштейн заднего бампера правый ,6044152100,5,,
Geely Atlas FX11,Кронштейн заднего бампера левый ,6044152000,5,,
Geely Atlas FX11,Кронштейн заднего бампера правый ,6044151900,5,,
Geely Atlas FX11,Арка переднего крыла левая ,6073148700,5,,
Geely Atlas FX11,Арка переднего крыла правая ,6073148600,5,,
Geely Atlas FX11,Накладка арки двери правый ,6073148200,5,,
Geely Atlas FX11,нкладка арки двери левый ,6073148100,5,,
Geely Atlas FX11,Накладка арки задней левая ,6073148000,5,,
Geely Atlas FX11,Накладка арка заднняя правая ,6073147900,5,,
Geely Atlas FX11,Накладка двери задней левая ,6073154500S44,5,,
Geely Atlas FX11,Наколадка двери задней правая ,6073154400S44,5,,
Geely Atlas FX11,Накладка двери передней левой ,6073154700S44,5,,
Geely Atlas FX11,Наколадка двери переднрей правой ,6073154600S44,5,,
Geely Atlas FX11,Защита двигателя ,5030062100,5,,
Geely Atlas FX11,Кронштейн центральный заднего бампера ,6044152300,5,,
Geely Atlas FX11,Верхняя часть заднего бампера ,6044152800,5,,
Geely Atlas FX11,Средняя часть заднего бампера ,6044153400S44,5,,
Geely Atlas FX11,Нижняя часть заднего бампера ,6044151400,5,,
Geely Atlas FX11,Накладки задней средней части бамепера ,6044153400S44,5,,
Geely Atlas FX11,Кронштейн парктроника заднего бампера левый ,6044151000,5,,
Geely Atlas FX11,Кронштейн парктроника заднего бампера правый ,6044150900,5,,
Geely Atlas FX11,Площадка номерного знака задняя,5060024700,5,,
Geely Atlas FX11,Кронштейн переднего бампера вер левый ,6010218500,5,,
Geely Atlas FX11,Кронштейн переднего бампера верх прав ,6010218400,5,,
Geely Atlas FX11,Кронштейн центральный переднего бампера правый ,6010217000,5,,
Geely Atlas FX11,Кронштейн центральный переднего бампера левый  ,6010217100,5,,
Geely Atlas FX11,Кронштейн переднего бампера большой левый ,6010217400,5,,
Geely Atlas FX11,Кронштейн переднего бампера большой правый  ,6010217300,,,
Geely Atlas FX11,Левая панель переднего бампера ,6010216900,5,,
Geely Atlas FX11,Правая панель переднего бампера ,6010216700,5,,
Geely Atlas FX11,Кронштейн переднего парктроника правый ,6010217800,5,,
Geely Atlas FX11,Кронштейн переднего парктроника левый  ,6010217700,5,,
Geely Atlas FX11,Кронштейн переднего парктроника центральный левый ,6010217600,5,,
Geely Atlas FX11,Кронштейн переднего парктроника центральный правыыйй  ,6010217500,5,,
Geely Atlas FX11,Площадка номерного знака передняя ,8891868402,5,,
Geely Atlas FX11,Нижняя решётка переднего бампера ,6010218000,5,,
Geely Atlas FX11,Нижняя часть переднего бампера ,6010218700,5,,
Geely Atlas FX11,Фара ЛЕД Правая ,7051051200,5,,
Geely Atlas FX11,Центральная накладка фар ,7051051100,5,,
Geely Atlas FX11,Фара ЛЕД Левая ,7051051300,5,,
Geely Atlas FX11,ПТФ задняя правая ,7054025300,5,,
Geely Atlas FX11,Птф задняя левая ,7054025400,5,,
Geely Atlas FX11,Стоп сигнал левый ,7057047200,5,,
Geely Atlas FX11,Накладка левого стоп сигнала ,7057047000,5,,
Geely Atlas FX11,Центральная фонарь стоп сигнала ,7057047000,5,,
Geely Atlas FX11,Накладка правого стоп сигнала ,7057046900,5,,
Geely Atlas FX11,Стоп чигнал задний правый ,7057047100,5,,
Geely Atlas FX11,Кронштейн стоп сигнала првый ,7057046500,5,,
Geely Atlas FX11,Кронштейн стоп сигнала леввый ,7057046600,5,,
Geely Atlas FX11,Стоп сигнал заднего спойлера ,7060010900,5,,
Geely Atlas FX11,Передняя камера ,6608131024,5,,
Geely Atlas FX11,Передняя Камера 360,7088099400,5,,
Geely Atlas FX11, парктороник ,7088085200,5,,
Geely Atlas FX11,Задняя камера 360,7088099300,5,,
Geely Atlas FX11,Ультрозвуковой датчик парковки ,7088098300B04,5,,
Geely Emgrand,,,,,
,Кузов ,,,,
Geely Emgrand,Петля капота правая ,5032068100C15,5,,
Geely Emgrand,Петля капота левая ,5032068000C15,5,,
Geely Emgrand,Усилитель переднего бампера ,5027144000C15,5,,
Geely Emgrand,Панель передняя радиатора 5027143900 Geely Emgrand 7 New SS11,5027143900,10, ¥95.00 ,Бренд（品牌）
Geely Emgrand,ФАРА ПЕРЕДНЯЯ ЛЕВАЯ (full led) GEELY EMGRAND NEW SS11 7051044800,7051044800,5, 1060利宁 ,Оригнал без лого（配套）
Geely Emgrand,Трос капота 5032036400 GEELY EMGRAND 7 NEW SS11,5032036400,10, ¥8.00 ,Бренд（品牌）
Geely Emgrand,ФАРА ПЕРЕДНЯЯ ЛЕВАЯ (галоген) GEELY EMGRAND NEW SS11 7051042700,7051042700,5, 580利宁 ,Оригнал без лого（配套）
Geely Emgrand,ФАРА ПЕРЕДНЯЯ ПРАВАЯ (full led) GEELY EMGRAND NEW SS11 7051044900,7051044900,5, 1060利宁 ,Оригнал без лого（配套）
Geely Emgrand,Бачок омывателя в сборе Geely Emgrand 7 New SS11 8890971425/6025045600,8890971425/6025045600,10, ¥35.00 ,Бренд（品牌）
Geely Emgrand,ФАРА ПЕРЕДНЯЯ ПРАВАЯ (галоген) GEELY EMGRAND NEW SS11 7051042600,7051042600,5, 580利宁 ,Оригнал без лого（配套）
Geely Emgrand,Локер передний правый Geely Emgrand 7 New SS11 5035085100(5035086600),5035085100,5, ¥55.00 ,Оригнал без лого（配套）
Geely Emgrand,Локер передний леыый,5035085200,5,,
Geely Emgrand,Локер задний левый ,5049024400,5,,
Geely Emgrand,Локер задний правый ,5049024300,5,,
Geely Emgrand,Усилитель заднего бампера ,5052032600C15,5,,
Geely Emgrand,Ручка двери передняя левая,5077092400,5,,
Geely Emgrand,Ручка двери передняя правая ,5077092500,5,,
Geely Emgrand,Ручка двери задняя левая,5083057700,5,,
Geely Emgrand,Ручка двери заняя правая ,5083057600,5,,
Geely Emgrand,Фонарь задний левый ,7057049400,5,,
Geely Emgrand,Фонарь задгний правый ,7057049200,5,,
Geely Emgrand,Фонарь задней корышки ,7057049200,5,,
,Подвеска ,,,,
Geely Emgrand,Диск тормозной задний 4050083400 GEELY EMGRAND 7 NEW SS11,4050083400,10, ¥80.00 ,Оригнал без лого（配套）
Geely Emgrand,"Диск тормозной передний 4048093100/1014030831 Geely Emgrand, FE3JC",4048093100,10, ¥100.00 ,Оригнал без лого（配套）
Geely Emgrand,Полуось (привод) передний правый CVT/вариатор Geely Emgrand (SS11) 2021- 6608072903 (4082102900/8891777422),6608072903,5, ¥330.00 ,Оригнал без лого（配套）
Geely Emgrand,Колодки задние тормозные 4050089300/4050083000 GEELY EMGRAND 7 NEW SS11,4050089300,10, ¥75.00 ,Бренд（品牌）
Geely Emgrand,,,,,
Geely Emgrand,Амортизатор передний левый ,4013090900,10,,
Geely Emgrand,Амортизатор передний правый ,4013090400,10,,
Geely Emgrand,Подшипник опорный ,4013022600,20,,
Geely Emgrand,Опора амортизатора ,4013091100,20,,
Geely Emgrand,рычаг передний нижний левый с,4017031900,10,,
Geely Emgrand,рычаг передний нижний правый  с,4017032000,10,,
Geely Emgrand,Шаровая опора ,4017020200,30,,
Geely Emgrand,Амортизатор задний ,4020051700,10,,
Geely Emgrand,Опора заднего амортизатора ,4020051600,20,,
Geely Emgrand,Рулевая тяга ,4036048600,30,,
Geely Emgrand,Кулак поворотный левый 4048054100 Geely Atlas Pro Original no logo,4048054100,10, ¥115.00 ,Оригнал без лого（配套）
Geely Emgrand,Кулак поворотный правыый ,4048093200,10,,
Geely Emgrand,Колодки тормозные передние ,4048093600,15,,
Geely Emgrand,Привод передний левый ,6608072904,5,,
,Двигатель ,,,,
GEELY EMGRAND,Диффузор 2078017400 Geely Emgrand 7 New SS11,2078017400,5,,
GEELY EMGRAND,Панель передняя радиатора 5027143900 Geely Emgrand 7 New SS11,5027143900,10,,
GEELY EMGRAND,Фильтр масляный 1016056847 Geely Coolray NEW/EMGRAND 7 NEW/SS11 оригинал,1016056847,30,,
GEELY EMGRAND,Фильтр воздушный Geely Emgrand 7 New SS11 114 л.с. 2032074200,2032074200,45,,
GEELY EMGRAND,Шкиф коленвала ,5511700970,5,,
GEELY EMGRAND,Шестерня распрелвала впуск,5511700332,5,,
GEELY EMGRAND,Шестерня распредвала выпуск,1046043600,5,,
GEELY EMGRAND,Датчик распредвала,1046043800,5,,
GEELY EMGRAND,Сальник коленвала передний ,1016051372,5,,
GEELY EMGRAND,Поддон ,1056035300,5,,
GEELY EMGRAND,Подушка правая ,1077114000,10,,
GEELY EMGRAND,Подушка левая ,6608061982,10,,
GEELY EMGRAND,Подушка задняя,1077110700,10,,
GEELY EMGRAND,Форсунка ,2022021600,16,,
GEELY EMGRAND,Дроссель ,5511703531,5,,
GEELY EMGRAND,Стартер ,2043010000,3,,
GEELY EMGRAND,Радиатор основной ,6608064480,15,,
GEELY EMGRAND,Опора ралиатора ,1064000061,20,,
GEELY EMGRAND,Подушка ралиатора верзняя правая ,2069018900,10,,
GEELY EMGRAND,Подушка ралиатора верзняя левая ,2069019000,10,,
GEELY EMGRAND,Впускной патрубок радиатора ,2074143700,5,,
GEELY EMGRAND,Выпускной патрубок радиатшора ,6608070291,5,,
Geely Monjaro,,,,,
,Кузов,,,,
Geely Monjaro,Кронштейн дат. парктр. пер. внутр. прав. 6010177200 Geely Monjaro KX11,6010177200,10, ¥5.00 ,Бренд（品牌）
Geely Monjaro,Кронштейн дат. парктр. перед. наруж. прав. 6010177100 Geely Monjaro KX11,6010177100,30, ¥5.00 ,Бренд（品牌）
Geely Monjaro,Кронштейн парктр. перед. лев. 6010177500 Geely Monjaro KX11,6010177500,30, ¥5.00 ,Бренд（品牌）
Geely Monjaro,Кронштейн парктр. пер. прав. 6010176100 Geely Monjaro KX11,6010176100,30, ¥17.00 ,Оригинал от завода（原厂）
Geely Monjaro,Фонарь задний центральный 7057035400 Geely Monjaro KX11,7057035400/7057045500,15, ¥780.00 ,Бренд（品牌）
Geely Monjaro,ОПОРА ДВИГАТЕЛЯ ПРАВАЯ GEELY MONJARO KX11 1077106500,1077106500,5, ¥225.00 ,Оригнал без лого（配套）
Geely Monjaro,Датчик парковки передний центральный Geely Monjaro KX11 7088087700,7088087700,30, ¥35.00 ,Оригнал без лого（配套）
Geely Monjaro,Датчик слепых зон передний Geely Monjaro KX11 6608181026/6608069568,6608181026,10," ¥1,943.00 ",Оригинал от завода（原厂）
Geely Monjaro,ПЕТЛЯ КАПОТА ПРАВАЯ GEELY MONJARO KX11 5032064800C15,5032064800C15,15, ¥30.00 ,Оригнал без лого（配套）
Geely Monjaro,ПЕТЛЯ КАПОТА ЛЕВАЯ GEELY MONJARO KX11 5032064900C15,5032064900C15,15, ¥30.00 ,Оригнал без лого（配套）
Geely Monjaro,Ручка двери задняя левая 5083062600A13 Geely Monjaro KX11,5083062600A13,10, ¥37.00 ,Оригинал от завода（原厂）
Geely Monjaro,Решетка радиатора 6608241190 (6608086372) Geely Monjaro 2025 original рестайлинг,6608241190,5, ¥370.00 ,Бренд（品牌）
Geely Monjaro,Датчик парковочного радара боковой Monjaro 8894633994,8894633994,20, ¥855.00 ,Оригинал от завода（原厂）
Geely Monjaro,Бампер передний 6010173200 Geely Monjaro KX11 оригинал,6010173200,15, ¥75.00 ,Бренд（品牌）
Geely Monjaro,Балка противоподкатная/подрамник передний Geely Monjaro 4010024000,4010024000,10, ¥175.00 ,Оригнал без лого（配套）
Geely Monjaro,Датчик парковки зад Geely Monjaro ,7088080900,30, ¥35.00 ,Оригнал без лого（配套）
Geely Monjaro,Кронштейн парктр. пер. прав. Geely Monjaro KX11,6010176100,20, ¥17.00 ,Оригинал от завода（原厂）
Geely Monjaro,Кронштейн дат. парктр. перед. наруж. прав. Geely Monjaro KX11,6010177100,20, ¥5.00 ,Бренд（品牌）
Geely Monjaro,Кронштейн дат. парктр. пер. внутр. прав.  Geely Monjaro KX11,6010177200,20, ¥5.00 ,Бренд（品牌）
Geely Monjaro,Кронштейн парктр. перед. лев. Geely Monjaro KX11,6010177500,20, ¥5.00 ,Бренд（品牌）
Geely Monjaro,Кронштейн дат. радара пер. бампера ср. лев. Geely Monjaro KX11,6010177400,10, ¥5.00 ,Бренд（品牌）
Geely Monjaro,Кронштейн парктр. перед. лев.  Geely Monjaro KX11,6010176200,10, ¥17.00 ,Оригинал от завода（原厂）
Geely Monjaro,Датчик парктроника,7088033000,30, ¥35.00 ,Оригнал без лого（配套）
Geely Monjaro,Датчик парктроника,6608048636,30, ¥40.00 ,Оригнал без лого（配套）
Geely Monjaro,Накладка двери перед. лев. 6073130200 Geely Monjaro KX11,6073130200/6073120000,5, ¥90.00 ,Бренд（品牌）
Geely Monjaro,Накладка двери перед. прав. 6073129900 Geely Monjaro KX11,6073129900/6073119900,5, ¥90.00 ,Бренд（品牌）
Geely Monjaro,Накладка переднего бампера (юбка) 6010177700 Geely Monjaro KX11,6010177700,5, ¥90.00 ,Оригнал без лого（配套）
Geely Monjaro,Арка крыла заднего левого 6073118000 Geely Monjaro KX11,6073118000,20, ¥28.00 ,Оригнал без лого（配套）
Geely Monjaro,Элемент зеркальный зеркала заднего вида ЛЕВЫЙ GEELY MONJARO KX11 6017134600,6017134600,5, ¥90.00 ,Оригнал без лого（配套）
Geely Monjaro,Молдинг бампера передний левый 6010179300 Geely Monjaro KX11,6010179300,15, ¥30.00 ,Оригнал без лого（配套）
Geely Monjaro,Кронштейны подрамника Geely Monjaro KX11,4010023800,20, ¥7.00 ,Оригинал от завода（原厂）
Geely Monjaro,Решетка ПТФ левая 6010177600 Geely Monjaro KX11,6010177600,15, ¥22.00 ,Бренд（品牌）
Geely Monjaro,Бампер задний 6044124500 Geely Monjaro KX11 оригинал,6044124500/6608057944,10, ¥135.00 ,Бренд（品牌）
Geely Monjaro,Бампер передний в сборе 8890921489 Geely Monjaro KX11,8890921489/6010173200,15, ¥75.00 ,Бренд（品牌）
Geely Monjaro,Абсорбер 6010179000 Geely Monjaro KX11,6010179000,5, ¥45.00 ,Бренд（品牌）
Geely Monjaro,Заглушка буксир. крюка передн. 6010177800 Geely Monjaro (KX11) 2022>,5075068600C15/6608438719C15,15, ¥640.00 ,Бренд（品牌）
Geely Monjaro,Кожух замка капота 5030061900 Geely Monjaro KX11,5030061900,5, ¥55.00 ,Бренд（品牌）
Geely Monjaro,Кронштейн датч. парк. зад. сред. прав. 6044126600 Geely Monjaro KX11,6044126600,30, ¥17.00 ,Оригинал от завода（原厂）
Geely Monjaro,Кронштейн камеры 6013044200 Geely Monjaro KX11,6013044200,30, ¥21.00 ,Оригинал от завода（原厂）
Geely Monjaro,Кронштейн парктр. зад. лев. 6044126900 Geely Monjaro KX11,6044126900,30, ¥5.00 ,Бренд（品牌）
Geely Monjaro,Молдинг бампера зад. 6044128100 Geely Monjaro KX11,6044128100,15, ¥30.00 ,Оригнал без лого（配套）
Geely Monjaro,Молдинг бампера задний левый 6044128000 Geely Monjaro KX11,6044128000,15, ¥30.00 ,Оригнал без лого（配套）
Geely Monjaro,Молдинг бампера задний правый 6044128200 Geely Monjaro KX11,6044128200,15, ¥30.00 ,Оригнал без лого（配套）
Geely Monjaro,Молдинг бампера передний правый 6010179200 Geely Monjaro KX11,6010179200,15, ¥33.00 ,Оригнал без лого（配套）
Geely Monjaro,Молдинг бампера передний правый 6010179400 Geely Monjaro KX11,6010179400,15, ¥30.00 ,Оригнал без лого（配套）
Geely Monjaro,Накладка двери зад. лев. 6073117800 Geely Monjaro KX11,6073117800,20, ¥25.00 ,Оригнал без лого（配套）
Geely Monjaro,Накладка двери зад. прав. 6073117600 Geely Monjaro KX11,6073117600,20, ¥25.00 ,Оригнал без лого（配套）
Geely Monjaro,Накладка/юбка заднего бампера с заглушкой 6044124600 Geely Monjaro KX11,6044124600,15, ¥115.00 ,Оригнал без лого（配套）
Geely Monjaro,Накладка зад. прав. двери 6073120100 Geely Monjaro KX11,6073120100,10, ¥90.00 ,Бренд（品牌）
Geely Monjaro,Арка крыла заднего правого 6073117700 Geely Monjaro KX11,6073117700,20, ¥30.00 ,Оригнал без лого（配套）
Geely Monjaro,Арка крыла переднего левого 6073118200 Geely Monjaro KX11,6073118200,20, ¥35.00 ,Оригнал без лого（配套）
Geely Monjaro,Арка крыла переднего правого 6073118100 Geely Monjaro KX11,6073118100,20, ¥35.00 ,Оригнал без лого（配套）
Geely Monjaro,Опора радиатора верхняя 2069014500 Geely Monjaro KX11/ATLAS NEW FX11/Tugella,2069014500/6608120932,30, ¥13.00 ,Оригинал от завода（原厂）
Geely Monjaro,Панель передняя 5027142200 Geely Monjaro KX11,5027142200,10, ¥135.00 ,Бренд（品牌）
Geely Monjaro,Площадка номерного знака передняя 6010179500 Geely Monjaro KX11,6010179500,5, ¥8.00 ,Бренд（品牌）
Geely Monjaro,Подушка (опора) двигателя левая 1077104300 Geely Monjaro KX11/Tugella FX11,1077104300/1077111000,5, ¥160.00 ,Оригнал без лого（配套）
Geely Monjaro,ПТФ левый задний 7057035300 Geely Monjaro KX11 2022>,7057035300,15, ¥45.00 ,Бренд（品牌）
Geely Monjaro,ПТФ правый 7057035200 Geely Monjaro KX11 2022>,7057035200,15, ¥45.00 ,Бренд（品牌）
Geely Monjaro,Пыльник пер. бамп. 6010178000 Geely Monjaro KX11,6010178000,15, ¥40.00 ,Бренд（品牌）
Geely Monjaro,Решетка ПТФ правая 6010177300 Geely Monjaro KX11,6010177300,15, ¥22.00 ,Бренд（品牌）
Geely Monjaro,Решетка радиатора нижняя 6010178800 Geely Monjaro (KX11) 2022>,6010178800,10, ¥30.00 ,Бренд（品牌）
Geely Monjaro,Решетка радиатора 6013044700 Geely Monjaro KX11,6013044700,10, ¥210.00 ,Бренд（品牌）
Geely Monjaro,Усилитель бампера передний 5027140700C15 Geely Monjaro KX11,5027140700C15,5, ¥175.00 ,Бренд（品牌）
Geely Monjaro,Фара передняя правая 8895000773 (7051041000) Geely Monjaro KX11,8895000773,5, ¥550.00 ,Бренд（品牌）
,Подвеска ,,,,
Geely Monjaro,Колодки тормозные передние Geely Monjaro KX11 4048087600,4048087600,15, ¥90.00 ,Бренд（品牌）
Geely Monjaro,Моторчик стояночного тормоза 4050077700 Geely Tugella/Monjaro KX11,4050077700,10, ¥140.00 ,Оригнал без лого（配套）
Geely Monjaro,Рычаг подвески передний левый 4017032600 Geely Atlas FX11/Monjaro KX11 copy,4017032600/6608449095,5, ¥115.00 ,Оригинал от завода（原厂）
Geely Monjaro,Амортизатор передний левый 4013088800 Geely Monjaro KX11 оригинал,4013088800,10, ¥110.00 ,Оригнал без лого（配套）
Geely Monjaro,Амортизатор передний правый 4013088600 Geely Monjaro KX11 оригинал,4013088600,10, ¥110.00 ,Оригнал без лого（配套）
Geely Monjaro,Привод передний левый 4082101400 Geely Monjaro KX11,4082101400,10, ¥210.00 ,Бренд（品牌）
Geely Monjaro,Привод передний правый ,8890939209,10,,
Geely Monjaro,Привод задний левый ,4082101800,10,,
Geely Monjaro,Привод задний правый ,4082101500,10,,
,Двигатель ,,,,
Geely Monjaro,Коллектор впускной 2029029500 Geely Tugella / Mongaro / FY-11 / KX-11,2029029500,5, ¥130.00 ,Оригнал без лого（配套）
Geely Monjaro,Фильтр масляный 1056025900 Geely Monjaro FX11/Atlas/Tugella FY11 оригинальный,1056025900,30, ¥8.00 ,Бренд（品牌）
Geely Monjaro,Фильтр воздушный двигателя 2032047000 Geely Monjaro KX11 оригинал,2032047000,30, ¥10.00 ,Бренд（品牌）
Geely Monjaro,Кассета радиаторов БЕЗ ВЕНТИЛЯТОРА 8890646475 Geely Monjaro,8890646475,20, ¥700.00 ,Оригнал без лого（配套）
Geely Monjaro,Болт пробки поддона АКПП 3064002800 Geely Monjaro KX11/Atlas Pro NL3B/Tugella FY11,3064002800,30, ¥3.00 ,Оригинал от завода（原厂）
Geely Monjaro,Бачок омывателя с насосом в сборе 6025044600 Geely Monjaro KX11,6025044600,5, ¥55.00 ,Оригнал без лого（配套）
Geely Monjaro,Комплект ремня ГРМ 3493000SAAD Geely Monjaro/Tugella (JLH-4G20TD),3493000SAAD,15,,
Geely Monjaro,Патрубок интеркулера 2074121600 Geely Monjaro KX11/ Atlas FX11,2074121600,10, ¥205.00 ,Бренд（品牌）
Geely Monjaro,Радиатор основной 2069015800 Geely Monjaro KX11,2069015800,20, ¥135.00 ,Бренд（品牌）
